index,index,1. open,2. high,3. low,4. close,5. volume
0,2021-11-03 16:00:00,20.2452,20.248,20.17,20.17,2091.0
1,2021-11-03 15:59:00,20.225,20.225,20.225,20.225,150.0
2,2021-11-03 15:58:00,20.225,20.225,20.225,20.225,250.0
3,2021-11-03 15:57:00,20.2488,20.2488,20.2488,20.2488,754.0
4,2021-11-03 15:56:00,20.22,20.22,20.22,20.22,891.0
5,2021-11-03 15:55:00,20.22,20.22,20.22,20.22,200.0
6,2021-11-03 15:49:00,20.2388,20.2388,20.2388,20.2388,250.0
7,2021-11-03 15:47:00,20.2399,20.2399,20.2399,20.2399,100.0
8,2021-11-03 15:44:00,20.2281,20.2281,20.2281,20.2281,100.0
9,2021-11-03 15:36:00,20.23,20.23,20.23,20.23,100.0
10,2021-11-03 15:35:00,20.228,20.228,20.228,20.228,300.0
11,2021-11-03 15:33:00,20.23,20.23,20.2284,20.2284,500.0
12,2021-11-03 15:32:00,20.23,20.23,20.23,20.23,100.0
13,2021-11-03 15:30:00,20.185,20.185,20.185,20.185,100.0
14,2021-11-03 15:17:00,20.22,20.22,20.22,20.22,202.0
15,2021-11-03 15:16:00,20.22,20.22,20.22,20.22,900.0
16,2021-11-03 15:15:00,20.21,20.22,20.15,20.22,2224.0
17,2021-11-03 15:14:00,20.18,20.21,20.15,20.21,6050.0
18,2021-11-03 15:06:00,20.17,20.17,20.17,20.17,350.0
19,2021-11-03 14:57:00,20.2,20.2,20.189,20.189,580.0
20,2021-11-03 14:37:00,20.08,20.08,20.07,20.07,6704.0
21,2021-11-03 14:34:00,20.07,20.07,20.07,20.07,666.0
22,2021-11-03 14:25:00,20.099,20.099,20.05,20.05,300.0
23,2021-11-03 14:23:00,20.099,20.099,20.099,20.099,125.0
24,2021-11-03 14:12:00,20.075,20.1,20.075,20.1,3368.0
25,2021-11-03 14:02:00,20.01,20.045,20.01,20.045,3860.0
26,2021-11-03 14:01:00,20.01,20.01,20.01,20.01,526.0
27,2021-11-03 13:59:00,20.03,20.03,20.01,20.01,4568.0
28,2021-11-03 13:58:00,20.06,20.06,20.06,20.06,240.0
29,2021-11-03 13:44:00,20.05,20.05,20.05,20.05,249.0
30,2021-11-03 13:41:00,20.07,20.07,20.07,20.07,250.0
31,2021-11-03 13:27:00,20.075,20.075,20.075,20.075,160.0
32,2021-11-03 13:22:00,20.075,20.075,20.075,20.075,205.0
33,2021-11-03 13:16:00,20.014,20.014,20.01,20.01,570.0
34,2021-11-03 13:13:00,20.01,20.01,20.01,20.01,15486.0
35,2021-11-03 12:49:00,20.04,20.04,20.01,20.01,8251.0
36,2021-11-03 12:47:00,20.1275,20.1275,20.1275,20.1275,750.0
37,2021-11-03 12:45:00,20.09,20.09,20.09,20.09,1908.0
38,2021-11-03 12:43:00,20.04,20.04,20.04,20.04,569.0
39,2021-11-03 12:36:00,20.05,20.05,20.05,20.05,541.0
40,2021-11-03 12:23:00,20.05,20.05,20.05,20.05,512.0
41,2021-11-03 12:20:00,20.07,20.07,20.05,20.05,13021.0
42,2021-11-03 12:01:00,20.095,20.095,20.095,20.095,150.0
43,2021-11-03 11:57:00,20.1,20.1,20.1,20.1,2402.0
44,2021-11-03 11:44:00,20.1,20.1,20.1,20.1,497.0
45,2021-11-03 11:41:00,20.09,20.09,20.09,20.09,110.0
46,2021-11-03 11:37:00,20.0994,20.0994,20.0994,20.0994,102.0
47,2021-11-03 11:36:00,20.06,20.06,20.06,20.06,1001.0
48,2021-11-03 11:30:00,20.08,20.08,20.08,20.08,340.0
49,2021-11-03 11:29:00,20.06,20.06,20.05,20.05,700.0
50,2021-11-03 11:16:00,20.1,20.1,20.1,20.1,101.0
51,2021-11-03 11:14:00,20.119,20.119,20.119,20.119,249.0
52,2021-11-03 11:08:00,20.1,20.1,20.09,20.1,1636.0
53,2021-11-03 11:06:00,20.14,20.14,20.14,20.14,502.0
54,2021-11-03 11:05:00,20.12,20.12,20.12,20.12,101.0
55,2021-11-03 11:02:00,20.1051,20.15,20.1051,20.15,640.0
56,2021-11-03 11:01:00,20.145,20.148,20.145,20.145,507.0
57,2021-11-03 10:57:00,20.1121,20.1121,20.1121,20.1121,400.0
58,2021-11-03 10:49:00,20.125,20.125,20.125,20.125,100.0
59,2021-11-03 10:47:00,20.1001,20.1001,20.1001,20.1001,399.0
60,2021-11-03 10:29:00,20.1491,20.1491,20.1491,20.1491,505.0
61,2021-11-03 10:21:00,20.15,20.15,20.15,20.15,442.0
62,2021-11-03 10:19:00,20.125,20.125,20.125,20.125,300.0
63,2021-11-03 10:17:00,20.14,20.14,20.14,20.14,530.0
64,2021-11-03 10:16:00,20.14,20.14,20.14,20.14,1000.0
65,2021-11-03 10:15:00,20.14,20.14,20.14,20.14,839.0
66,2021-11-03 10:09:00,20.14,20.17,20.14,20.17,249.0
67,2021-11-03 10:07:00,20.18,20.18,20.18,20.18,100.0
68,2021-11-03 10:02:00,20.19,20.2,20.19,20.195,3020.0
69,2021-11-03 10:00:00,20.161,20.161,20.161,20.161,148.0
70,2021-11-03 09:55:00,20.2,20.2,20.2,20.2,100.0
71,2021-11-03 09:41:00,20.1389,20.1389,20.1389,20.1389,258.0
72,2021-11-03 09:38:00,20.17,20.17,20.11,20.11,450.0
73,2021-11-03 09:36:00,20.2,20.2,20.2,20.2,1001.0
74,2021-11-03 09:33:00,20.25,20.25,20.25,20.25,150.0
75,2021-11-03 09:31:00,20.14,20.2624,20.14,20.2624,1096.0
76,2021-11-02 16:00:00,20.1,20.1,20.09,20.1,2505.0
77,2021-11-02 15:59:00,20.095,20.095,20.095,20.095,419.0
78,2021-11-02 15:58:00,20.09,20.099,20.09,20.095,1196.0
79,2021-11-02 15:57:00,20.1,20.1,20.085,20.085,1554.0
80,2021-11-02 15:55:00,20.09,20.09,20.09,20.09,428.0
81,2021-11-02 15:54:00,20.0921,20.1,20.09,20.09,2211.0
82,2021-11-02 15:51:00,20.1,20.1,20.095,20.095,490.0
83,2021-11-02 15:50:00,20.095,20.095,20.095,20.095,1035.0
84,2021-11-02 15:49:00,20.095,20.095,20.095,20.095,1610.0
85,2021-11-02 15:48:00,20.099,20.1,20.099,20.1,1408.0
86,2021-11-02 15:47:00,20.099,20.099,20.099,20.099,230.0
87,2021-11-02 15:46:00,20.1,20.1,20.099,20.1,5585.0
88,2021-11-02 15:45:00,20.085,20.1,20.085,20.099,900.0
89,2021-11-02 15:43:00,20.0761,20.0761,20.0761,20.0761,461.0
90,2021-11-02 15:42:00,20.085,20.085,20.085,20.085,120.0
91,2021-11-02 15:41:00,20.0857,20.0857,20.0857,20.0857,2500.0
92,2021-11-02 15:40:00,20.08,20.08,20.08,20.08,511.0
93,2021-11-02 15:38:00,20.1,20.1,20.1,20.1,150.0
94,2021-11-02 15:37:00,20.09,20.09,20.09,20.09,100.0
95,2021-11-02 15:34:00,20.075,20.089,20.075,20.089,611.0
96,2021-11-02 15:32:00,20.075,20.09,20.075,20.09,400.0
97,2021-11-02 15:31:00,20.089,20.089,20.089,20.089,205.0
98,2021-11-02 15:30:00,20.075,20.075,20.075,20.075,610.0
99,2021-11-02 15:29:00,20.09,20.09,20.09,20.09,825.0
100,2021-11-02 15:27:00,20.075,20.075,20.075,20.075,100.0
101,2021-11-02 15:25:00,20.0661,20.0661,20.0661,20.0661,200.0
102,2021-11-02 15:23:00,20.0631,20.089,20.0631,20.089,570.0
103,2021-11-02 15:20:00,20.0661,20.0661,20.0661,20.0661,171.0
104,2021-11-02 15:18:00,20.089,20.09,20.075,20.075,925.0
105,2021-11-02 15:17:00,20.075,20.089,20.075,20.089,1500.0
106,2021-11-02 15:15:00,20.089,20.089,20.089,20.089,777.0
107,2021-11-02 15:14:00,20.075,20.075,20.075,20.075,310.0
108,2021-11-02 15:13:00,20.09,20.09,20.09,20.09,672.0
109,2021-11-02 15:12:00,20.075,20.075,20.075,20.075,301.0
110,2021-11-02 15:09:00,20.0581,20.0581,20.0581,20.0581,258.0
111,2021-11-02 15:05:00,20.089,20.089,20.089,20.089,305.0
112,2021-11-02 15:03:00,20.0685,20.0685,20.0685,20.0685,705.0
113,2021-11-02 15:02:00,20.088,20.088,20.088,20.088,563.0
114,2021-11-02 15:00:00,20.089,20.089,20.089,20.089,900.0
115,2021-11-02 14:58:00,20.085,20.09,20.085,20.09,7123.0
116,2021-11-02 14:57:00,20.085,20.09,20.085,20.09,1966.0
117,2021-11-02 14:56:00,20.085,20.085,20.085,20.085,500.0
118,2021-11-02 14:55:00,20.085,20.085,20.085,20.085,450.0
119,2021-11-02 14:53:00,20.08,20.08,20.08,20.08,564.0
120,2021-11-02 14:52:00,20.08,20.08,20.08,20.08,165.0
121,2021-11-02 14:51:00,20.085,20.085,20.08,20.08,202.0
122,2021-11-02 14:50:00,20.08,20.08,20.08,20.08,300.0
123,2021-11-02 14:48:00,20.09,20.09,20.09,20.09,1505.0
124,2021-11-02 14:44:00,20.0581,20.0581,20.0581,20.0581,230.0
125,2021-11-02 14:42:00,20.08,20.08,20.08,20.08,355.0
126,2021-11-02 14:36:00,20.0639,20.0639,20.0639,20.0639,895.0
127,2021-11-02 14:34:00,20.075,20.075,20.075,20.075,230.0
128,2021-11-02 14:33:00,20.07,20.085,20.07,20.0775,1100.0
129,2021-11-02 14:31:00,20.07,20.07,20.07,20.07,337.0
130,2021-11-02 14:28:00,20.079,20.079,20.079,20.079,130.0
131,2021-11-02 14:27:00,20.08,20.08,20.08,20.08,135.0
132,2021-11-02 14:25:00,20.0561,20.0561,20.0561,20.0561,112.0
133,2021-11-02 14:23:00,20.08,20.08,20.08,20.08,250.0
134,2021-11-02 14:21:00,20.08,20.09,20.075,20.08,11353.0
135,2021-11-02 14:20:00,20.07,20.08,20.0557,20.08,2228.0
136,2021-11-02 14:19:00,20.07,20.07,20.07,20.07,2324.0
137,2021-11-02 14:18:00,20.07,20.07,20.07,20.07,1950.0
138,2021-11-02 14:17:00,20.06,20.07,20.06,20.07,2160.0
139,2021-11-02 14:16:00,20.06,20.06,20.06,20.06,1050.0
140,2021-11-02 14:15:00,20.06,20.06,20.06,20.06,700.0
141,2021-11-02 14:14:00,20.06,20.06,20.06,20.06,935.0
142,2021-11-02 14:13:00,20.06,20.06,20.055,20.055,1300.0
143,2021-11-02 14:12:00,20.055,20.055,20.055,20.055,287.0
144,2021-11-02 14:09:00,20.05,20.06,20.05,20.06,1391.0
145,2021-11-02 14:08:00,20.065,20.065,20.06,20.06,381.0
146,2021-11-02 14:06:00,20.07,20.07,20.0621,20.0621,449.0
147,2021-11-02 14:04:00,20.0625,20.07,20.06,20.07,6100.0
148,2021-11-02 13:58:00,20.0557,20.0557,20.0557,20.0557,138.0
149,2021-11-02 13:51:00,20.06,20.06,20.06,20.06,100.0
150,2021-11-02 13:49:00,20.06,20.06,20.06,20.06,108.0
151,2021-11-02 13:47:00,20.0521,20.0521,20.0521,20.0521,123.0
152,2021-11-02 13:40:00,20.06,20.06,20.06,20.06,374.0
153,2021-11-02 13:36:00,20.065,20.065,20.065,20.065,100.0
154,2021-11-02 13:34:00,20.0601,20.0601,20.0601,20.0601,500.0
155,2021-11-02 13:32:00,20.064,20.064,20.064,20.064,317.0
156,2021-11-02 13:30:00,20.065,20.065,20.065,20.065,750.0
157,2021-11-02 13:27:00,20.07,20.07,20.06,20.065,1188.0
158,2021-11-02 13:26:00,20.07,20.07,20.07,20.07,1400.0
159,2021-11-02 13:24:00,20.0657,20.0657,20.0657,20.0657,200.0
160,2021-11-02 13:23:00,20.06,20.07,20.06,20.07,938.0
161,2021-11-02 13:18:00,20.0621,20.0621,20.0621,20.0621,320.0
162,2021-11-02 13:14:00,20.07,20.07,20.07,20.07,125.0
163,2021-11-02 13:09:00,20.07,20.07,20.07,20.07,199.0
164,2021-11-02 13:08:00,20.07,20.07,20.07,20.07,175.0
165,2021-11-02 13:06:00,20.07,20.07,20.07,20.07,150.0
166,2021-11-02 13:04:00,20.065,20.07,20.065,20.07,449.0
167,2021-11-02 13:01:00,20.065,20.065,20.06,20.06,2300.0
168,2021-11-02 12:59:00,20.08,20.08,20.08,20.08,113.0
169,2021-11-02 12:53:00,20.07,20.07,20.07,20.07,255.0
170,2021-11-02 12:49:00,20.065,20.065,20.065,20.065,500.0
171,2021-11-02 12:48:00,20.065,20.07,20.065,20.065,314.0
172,2021-11-02 12:47:00,20.06,20.07,20.06,20.06,20581.0
173,2021-11-02 12:44:00,20.07,20.07,20.07,20.07,300.0
174,2021-11-02 12:42:00,20.06,20.06,20.0558,20.0558,348.0
175,2021-11-02 12:41:00,20.06,20.06,20.055,20.06,1038.0
176,2021-11-02 12:40:00,20.05,20.05,20.05,20.05,231.0
177,2021-11-02 12:37:00,20.0547,20.0547,20.0547,20.0547,600.0
178,2021-11-02 12:34:00,20.06,20.06,20.06,20.06,210.0
179,2021-11-02 12:31:00,20.06,20.06,20.06,20.06,100.0
180,2021-11-02 12:28:00,20.06,20.06,20.06,20.06,550.0
181,2021-11-02 12:26:00,20.07,20.07,20.07,20.07,2100.0
182,2021-11-02 12:25:00,20.07,20.07,20.07,20.07,150.0
183,2021-11-02 12:24:00,20.0529,20.07,20.0529,20.07,780.0
184,2021-11-02 12:17:00,20.06,20.06,20.06,20.06,100.0
185,2021-11-02 12:16:00,20.06,20.06,20.06,20.06,320.0
186,2021-11-02 12:14:00,20.06,20.06,20.06,20.06,401.0
187,2021-11-02 12:13:00,20.0688,20.0688,20.0688,20.0688,100.0
188,2021-11-02 12:10:00,20.07,20.08,20.06,20.08,18085.0
189,2021-11-02 12:07:00,20.08,20.0837,20.08,20.0837,685.0
190,2021-11-02 12:06:00,20.08,20.08,20.08,20.08,652.0
191,2021-11-02 11:59:00,20.06,20.07,20.06,20.07,1092.0
192,2021-11-02 11:58:00,20.0601,20.07,20.06,20.0621,1020.0
193,2021-11-02 11:48:00,20.1,20.1,20.1,20.1,277.0
194,2021-11-02 11:45:00,20.07,20.07,20.07,20.07,225.0
195,2021-11-02 11:38:00,20.09,20.09,20.09,20.09,5050.0
196,2021-11-02 11:37:00,20.1006,20.105,20.1,20.1,1059.0
197,2021-11-02 11:33:00,20.1007,20.1012,20.1007,20.1012,240.0
198,2021-11-02 11:31:00,20.115,20.115,20.115,20.115,410.0
199,2021-11-02 11:28:00,20.11,20.11,20.11,20.11,100.0
200,2021-11-02 11:25:00,20.119,20.119,20.11,20.11,200.0
201,2021-11-02 11:24:00,20.11,20.11,20.11,20.11,242.0
202,2021-11-02 11:23:00,20.13,20.13,20.11,20.11,1112.0
203,2021-11-02 11:21:00,20.115,20.115,20.115,20.115,150.0
204,2021-11-02 11:20:00,20.115,20.115,20.115,20.115,100.0
205,2021-11-02 11:18:00,20.12,20.12,20.12,20.12,505.0
206,2021-11-02 11:17:00,20.129,20.129,20.129,20.129,300.0
207,2021-11-02 11:16:00,20.12,20.13,20.12,20.13,1332.0
208,2021-11-02 11:15:00,20.1297,20.1297,20.1297,20.1297,334.0
209,2021-11-02 11:05:00,20.09,20.09,20.09,20.09,100.0
210,2021-11-02 11:04:00,20.08,20.08,20.08,20.08,150.0
211,2021-11-02 11:01:00,20.0601,20.0601,20.06,20.06,200.0
212,2021-11-02 10:59:00,20.09,20.09,20.0657,20.0657,500.0
213,2021-11-02 10:58:00,20.08,20.08,20.08,20.08,294.0
214,2021-11-02 10:57:00,20.07,20.07,20.06,20.06,720.0
215,2021-11-02 10:56:00,20.09,20.09,20.09,20.09,100.0
216,2021-11-02 10:55:00,20.0673,20.0673,20.0673,20.0673,300.0
217,2021-11-02 10:54:00,20.09,20.09,20.09,20.09,200.0
218,2021-11-02 10:49:00,20.09,20.09,20.09,20.09,500.0
219,2021-11-02 10:48:00,20.0897,20.0897,20.08,20.0841,1581.0
220,2021-11-02 10:47:00,20.0899,20.0899,20.08,20.08,670.0
221,2021-11-02 10:46:00,20.085,20.085,20.085,20.085,240.0
222,2021-11-02 10:43:00,20.0899,20.0899,20.0899,20.0899,150.0
223,2021-11-02 10:39:00,20.09,20.09,20.09,20.09,4985.0
224,2021-11-02 10:37:00,20.09,20.09,20.0899,20.0899,226.0
225,2021-11-02 10:35:00,20.08,20.0888,20.08,20.0888,401.0
226,2021-11-02 10:34:00,20.062,20.062,20.0597,20.0597,445.0
227,2021-11-02 10:33:00,20.0572,20.0597,20.0572,20.0597,363.0
228,2021-11-02 10:31:00,20.07,20.07,20.07,20.07,571.0
229,2021-11-02 10:30:00,20.09,20.09,20.09,20.09,150.0
230,2021-11-02 10:29:00,20.0882,20.09,20.07,20.09,699.0
231,2021-11-02 10:26:00,20.09,20.09,20.09,20.09,421.0
232,2021-11-02 10:25:00,20.08,20.08,20.08,20.08,995.0
233,2021-11-02 10:24:00,20.085,20.085,20.085,20.085,274.0
234,2021-11-02 10:23:00,20.09,20.09,20.08,20.08,2003.0
235,2021-11-02 10:22:00,20.095,20.095,20.095,20.095,453.0
236,2021-11-02 10:19:00,20.095,20.095,20.095,20.095,322.0
237,2021-11-02 10:17:00,20.09,20.09,20.09,20.09,842.0
238,2021-11-02 10:14:00,20.1,20.1,20.1,20.1,605.0
239,2021-11-02 10:13:00,20.1094,20.1094,20.1094,20.1094,306.0
240,2021-11-02 10:12:00,20.11,20.11,20.11,20.11,2916.0
241,2021-11-02 10:11:00,20.105,20.11,20.105,20.11,9757.0
242,2021-11-02 10:10:00,20.11,20.11,20.105,20.105,2800.0
243,2021-11-02 10:08:00,20.11,20.12,20.11,20.11,852.0
244,2021-11-02 10:07:00,20.11,20.11,20.11,20.11,509.0
245,2021-11-02 10:05:00,20.105,20.11,20.1001,20.11,397.0
246,2021-11-02 10:04:00,20.105,20.105,20.105,20.105,752.0
247,2021-11-02 10:03:00,20.105,20.109,20.105,20.109,1450.0
248,2021-11-02 10:02:00,20.105,20.105,20.105,20.105,500.0
249,2021-11-02 09:59:00,20.1025,20.105,20.1,20.105,3475.0
250,2021-11-02 09:58:00,20.11,20.11,20.1,20.1,703.0
251,2021-11-02 09:57:00,20.1096,20.1096,20.1,20.1,441.0
252,2021-11-02 09:56:00,20.09,20.1099,20.09,20.1,5106.0
253,2021-11-02 09:55:00,20.11,20.11,20.0957,20.0957,1093.0
254,2021-11-02 09:54:00,20.1,20.11,20.1,20.1,1725.0
255,2021-11-02 09:53:00,20.1,20.1,20.1,20.1,1000.0
256,2021-11-02 09:52:00,20.1093,20.1093,20.1093,20.1093,124.0
257,2021-11-02 09:51:00,20.1,20.1099,20.1,20.1,2016.0
258,2021-11-02 09:49:00,20.0843,20.0843,20.0843,20.0843,280.0
259,2021-11-02 09:48:00,20.1,20.1,20.1,20.1,490.0
260,2021-11-02 09:47:00,20.085,20.1087,20.085,20.1,1812.0
261,2021-11-02 09:46:00,20.11,20.11,20.07,20.1089,2902.0
262,2021-11-02 09:45:00,20.13,20.13,20.11,20.125,7377.0
263,2021-11-02 09:44:00,20.13,20.13,20.13,20.13,171.0
264,2021-11-02 09:43:00,20.1486,20.1486,20.11,20.11,1302.0
265,2021-11-02 09:41:00,20.13,20.13,20.11,20.11,1539.0
266,2021-11-02 09:40:00,20.15,20.15,20.11,20.13,3271.0
267,2021-11-02 09:39:00,20.121,20.15,20.1169,20.15,895.0
268,2021-11-02 09:38:00,20.1699,20.1699,20.16,20.1694,556.0
269,2021-11-02 09:37:00,20.16,20.16,20.16,20.16,365.0
270,2021-11-02 09:36:00,20.155,20.1999,20.155,20.16,701.0
271,2021-11-02 09:35:00,20.15,20.21,20.15,20.15,527.0
272,2021-11-02 09:34:00,20.1,20.105,20.1,20.1,7011.0
273,2021-11-02 09:33:00,20.0201,20.0201,20.0201,20.0201,126.0
274,2021-11-02 09:32:00,20.12,20.15,20.02,20.15,1042.0
275,2021-11-02 09:31:00,20.25,20.36,20.25,20.36,5222.0
276,2021-11-02 09:17:00,20.3,20.32,20.3,20.32,252.0
277,2021-11-01 16:03:00,20.32,20.35,20.32,20.35,1500.0
278,2021-11-01 16:00:00,20.31,20.31,20.3,20.3,3540.0
279,2021-11-01 15:57:00,20.31,20.31,20.31,20.31,173.0
280,2021-11-01 15:56:00,20.3,20.31,20.3,20.31,2880.0
281,2021-11-01 15:55:00,20.31,20.315,20.31,20.31,684.0
282,2021-11-01 15:52:00,20.315,20.32,20.315,20.3199,4917.0
283,2021-11-01 15:50:00,20.32,20.32,20.32,20.32,200.0
284,2021-11-01 15:49:00,20.315,20.315,20.315,20.315,200.0
285,2021-11-01 15:48:00,20.315,20.315,20.315,20.315,100.0
286,2021-11-01 15:47:00,20.319,20.319,20.319,20.319,100.0
287,2021-11-01 15:46:00,20.315,20.315,20.315,20.315,125.0
288,2021-11-01 15:42:00,20.325,20.325,20.325,20.325,900.0
289,2021-11-01 15:41:00,20.32,20.32,20.32,20.32,200.0
290,2021-11-01 15:39:00,20.319,20.319,20.315,20.315,400.0
291,2021-11-01 15:33:00,20.319,20.32,20.31,20.32,12325.0
292,2021-11-01 15:32:00,20.31,20.31,20.31,20.31,100.0
293,2021-11-01 15:30:00,20.3029,20.3029,20.3029,20.3029,300.0
294,2021-11-01 15:29:00,20.31,20.31,20.3063,20.3063,210.0
295,2021-11-01 15:26:00,20.309,20.309,20.309,20.309,1040.0
296,2021-11-01 15:21:00,20.3,20.3,20.3,20.3,100.0
297,2021-11-01 15:20:00,20.3,20.3,20.3,20.3,325.0
298,2021-11-01 15:19:00,20.3,20.3,20.3,20.3,200.0
299,2021-11-01 15:18:00,20.3,20.3,20.3,20.3,2732.0
300,2021-11-01 15:17:00,20.3,20.3,20.29,20.3,903.0
301,2021-11-01 15:16:00,20.3,20.3,20.3,20.3,4576.0
302,2021-11-01 15:14:00,20.3,20.3,20.3,20.3,1000.0
303,2021-11-01 15:12:00,20.3,20.3,20.3,20.3,1001.0
304,2021-11-01 15:11:00,20.2901,20.2901,20.2901,20.2901,1459.0
305,2021-11-01 15:02:00,20.3,20.3,20.3,20.3,112.0
306,2021-11-01 14:57:00,20.2925,20.2925,20.2925,20.2925,400.0
307,2021-11-01 14:43:00,20.2891,20.2891,20.2891,20.2891,215.0
308,2021-11-01 14:40:00,20.295,20.295,20.29,20.29,976.0
309,2021-11-01 14:39:00,20.2925,20.2925,20.2925,20.2925,1061.0
310,2021-11-01 14:36:00,20.295,20.295,20.2901,20.2901,755.0
311,2021-11-01 14:33:00,20.3,20.3,20.3,20.3,100.0
312,2021-11-01 14:25:00,20.31,20.31,20.3099,20.3099,600.0
313,2021-11-01 14:09:00,20.3,20.3,20.3,20.3,1020.0
314,2021-11-01 14:07:00,20.295,20.3,20.295,20.3,2040.0
315,2021-11-01 14:01:00,20.3,20.3,20.3,20.3,1050.0
316,2021-11-01 14:00:00,20.3,20.3,20.2999,20.2999,300.0
317,2021-11-01 13:59:00,20.2999,20.2999,20.2999,20.2999,100.0
318,2021-11-01 13:55:00,20.295,20.295,20.295,20.295,265.0
319,2021-11-01 13:46:00,20.299,20.299,20.299,20.299,100.0
320,2021-11-01 13:41:00,20.2901,20.2901,20.2901,20.2901,200.0
321,2021-11-01 13:36:00,20.29,20.29,20.29,20.29,200.0
322,2021-11-01 13:25:00,20.305,20.305,20.3,20.3,1038.0
323,2021-11-01 13:23:00,20.305,20.305,20.305,20.305,100.0
324,2021-11-01 13:16:00,20.3091,20.3091,20.3025,20.3025,340.0
325,2021-11-01 13:15:00,20.305,20.305,20.305,20.305,500.0
326,2021-11-01 13:13:00,20.305,20.305,20.305,20.305,150.0
327,2021-11-01 13:11:00,20.305,20.305,20.305,20.305,400.0
328,2021-11-01 13:05:00,20.3001,20.3001,20.3001,20.3001,1700.0
329,2021-11-01 12:58:00,20.3025,20.3025,20.3025,20.3025,147.0
330,2021-11-01 12:49:00,20.2921,20.2921,20.2921,20.2921,120.0
331,2021-11-01 12:48:00,20.3,20.31,20.3,20.3,5799.0
332,2021-11-01 12:43:00,20.3,20.3,20.3,20.3,396.0
333,2021-11-01 12:39:00,20.305,20.305,20.305,20.305,260.0
334,2021-11-01 12:33:00,20.31,20.31,20.31,20.31,100.0
335,2021-11-01 12:32:00,20.31,20.32,20.31,20.31,26480.0
336,2021-11-01 12:31:00,20.3,20.3,20.3,20.3,188.0
337,2021-11-01 12:29:00,20.3,20.3,20.3,20.3,649.0
338,2021-11-01 12:27:00,20.33,20.3481,20.33,20.3481,509.0
339,2021-11-01 12:26:00,20.34,20.34,20.33,20.33,550.0
340,2021-11-01 12:25:00,20.34,20.36,20.34,20.36,5819.0
341,2021-11-01 12:24:00,20.3343,20.3343,20.3343,20.3343,200.0
342,2021-11-01 12:21:00,20.335,20.35,20.335,20.35,500.0
343,2021-11-01 12:20:00,20.33,20.33,20.33,20.33,43694.0
344,2021-11-01 12:19:00,20.33,20.33,20.33,20.33,144.0
345,2021-11-01 12:14:00,20.32,20.32,20.32,20.32,32438.0
346,2021-11-01 12:13:00,20.31,20.335,20.31,20.335,600.0
347,2021-11-01 12:12:00,20.31,20.31,20.31,20.31,200.0
348,2021-11-01 12:10:00,20.335,20.335,20.335,20.335,105.0
349,2021-11-01 11:46:00,20.36,20.36,20.36,20.36,125.0
350,2021-11-01 11:44:00,20.36,20.36,20.36,20.36,140.0
351,2021-11-01 11:36:00,20.36,20.37,20.36,20.37,533.0
352,2021-11-01 11:35:00,20.38,20.38,20.375,20.375,500.0
353,2021-11-01 11:31:00,20.31,20.3699,20.31,20.3699,1129.0
354,2021-11-01 11:29:00,20.295,20.3098,20.295,20.3098,1251.0
355,2021-11-01 11:26:00,20.295,20.295,20.295,20.295,150.0
356,2021-11-01 11:25:00,20.299,20.299,20.299,20.299,250.0
357,2021-11-01 11:16:00,20.2929,20.2929,20.2901,20.2929,1104.0
358,2021-11-01 11:14:00,20.2991,20.2991,20.295,20.295,800.0
359,2021-11-01 11:13:00,20.295,20.295,20.295,20.295,220.0
360,2021-11-01 11:05:00,20.295,20.295,20.295,20.295,101.0
361,2021-11-01 11:04:00,20.3,20.3,20.3,20.3,120.0
362,2021-11-01 11:03:00,20.2957,20.2957,20.29,20.29,4968.0
363,2021-11-01 11:01:00,20.2999,20.2999,20.2999,20.2999,102.0
364,2021-11-01 11:00:00,20.2925,20.295,20.29,20.295,655.0
365,2021-11-01 10:59:00,20.2925,20.295,20.29,20.295,1114.0
366,2021-11-01 10:55:00,20.29,20.295,20.29,20.295,1808.0
367,2021-11-01 10:54:00,20.295,20.295,20.295,20.295,250.0
368,2021-11-01 10:53:00,20.3,20.3,20.3,20.3,345.0
369,2021-11-01 10:52:00,20.295,20.299,20.295,20.299,250.0
370,2021-11-01 10:51:00,20.3,20.3,20.3,20.3,150.0
371,2021-11-01 10:45:00,20.295,20.295,20.2929,20.295,715.0
372,2021-11-01 10:43:00,20.295,20.299,20.295,20.295,8506.0
373,2021-11-01 10:40:00,20.29,20.29,20.29,20.29,350.0
374,2021-11-01 10:35:00,20.2999,20.2999,20.2773,20.2773,600.0
375,2021-11-01 10:22:00,20.309,20.309,20.309,20.309,240.0
376,2021-11-01 10:20:00,20.31,20.31,20.2966,20.309,1112.0
377,2021-11-01 10:19:00,20.309,20.309,20.309,20.309,550.0
378,2021-11-01 10:18:00,20.3084,20.3084,20.3084,20.3084,151.0
379,2021-11-01 10:17:00,20.31,20.31,20.31,20.31,202.0
380,2021-11-01 10:14:00,20.2741,20.2741,20.2741,20.2741,100.0
381,2021-11-01 10:13:00,20.309,20.31,20.309,20.309,526.0
382,2021-11-01 10:09:00,20.31,20.31,20.31,20.31,474.0
383,2021-11-01 10:07:00,20.31,20.31,20.31,20.31,238.0
384,2021-11-01 10:05:00,20.3,20.31,20.3,20.31,738.0
385,2021-11-01 10:04:00,20.3,20.3,20.3,20.3,148.0
386,2021-11-01 10:03:00,20.31,20.31,20.31,20.31,150.0
387,2021-11-01 10:02:00,20.305,20.305,20.305,20.305,532.0
388,2021-11-01 09:59:00,20.3,20.3,20.3,20.3,316.0
389,2021-11-01 09:57:00,20.3,20.3001,20.3,20.3,1802.0
390,2021-11-01 09:56:00,20.3313,20.3313,20.3313,20.3313,225.0
391,2021-11-01 09:54:00,20.365,20.365,20.365,20.365,275.0
392,2021-11-01 09:51:00,20.31,20.311,20.31,20.311,1005.0
393,2021-11-01 09:50:00,20.33,20.33,20.33,20.33,345.0
394,2021-11-01 09:49:00,20.34,20.34,20.34,20.34,205.0
395,2021-11-01 09:47:00,20.33,20.34,20.33,20.34,205.0
396,2021-11-01 09:45:00,20.35,20.35,20.35,20.35,110.0
397,2021-11-01 09:44:00,20.315,20.36,20.315,20.36,415.0
398,2021-11-01 09:36:00,20.28,20.28,20.28,20.28,301.0
399,2021-11-01 09:35:00,20.45,20.45,20.45,20.45,225.0
400,2021-11-01 09:34:00,20.43,20.43,20.43,20.43,150.0
401,2021-11-01 09:33:00,20.44,20.44,20.44,20.44,185.0
402,2021-11-01 09:31:00,20.28,20.28,20.28,20.28,5005.0
403,2021-11-01 09:07:00,20.41,20.41,20.4,20.4,1600.0
404,2021-11-01 07:26:00,20.32,20.32,20.29,20.29,1168.0
405,2021-11-01 07:12:00,20.43,20.43,20.42,20.42,268.0
406,2021-10-29 16:00:00,20.5465,20.5465,20.5388,20.5388,416.0
407,2021-10-29 15:57:00,20.49,20.49,20.48,20.48,555.0
408,2021-10-29 15:50:00,20.46,20.46,20.46,20.46,1500.0
409,2021-10-29 15:42:00,20.5099,20.5099,20.5099,20.5099,200.0
410,2021-10-29 15:32:00,20.47,20.47,20.46,20.46,755.0
411,2021-10-29 15:30:00,20.49,20.49,20.48,20.48,1849.0
412,2021-10-29 15:27:00,20.489,20.489,20.489,20.489,1286.0
413,2021-10-29 15:24:00,20.4673,20.4673,20.4673,20.4673,244.0
414,2021-10-29 15:18:00,20.4601,20.4601,20.4601,20.4601,100.0
415,2021-10-29 15:14:00,20.48,20.48,20.48,20.48,500.0
416,2021-10-29 15:13:00,20.47,20.47,20.47,20.47,101.0
417,2021-10-29 15:12:00,20.47,20.48,20.47,20.47,1503.0
418,2021-10-29 15:10:00,20.478,20.48,20.46,20.47,3401.0
419,2021-10-29 15:09:00,20.47,20.48,20.46,20.478,8866.0
420,2021-10-29 15:08:00,20.4652,20.47,20.465,20.465,5900.0
421,2021-10-29 15:04:00,20.46,20.47,20.46,20.47,2000.0
422,2021-10-29 15:00:00,20.45,20.45,20.45,20.45,100.0
423,2021-10-29 14:42:00,20.46,20.47,20.45,20.47,2100.0
424,2021-10-29 14:38:00,20.4799,20.4799,20.4799,20.4799,200.0
425,2021-10-29 14:29:00,20.45,20.45,20.45,20.45,2200.0
426,2021-10-29 14:01:00,20.48,20.485,20.48,20.485,312.0
427,2021-10-29 13:46:00,20.48,20.4801,20.48,20.4801,621.0
428,2021-10-29 13:36:00,20.49,20.49,20.49,20.49,100.0
429,2021-10-29 13:21:00,20.4701,20.4701,20.4701,20.4701,245.0
430,2021-10-29 13:06:00,20.485,20.485,20.4601,20.4601,912.0
431,2021-10-29 12:37:00,20.4834,20.4834,20.4834,20.4834,100.0
432,2021-10-29 12:33:00,20.46,20.46,20.46,20.46,100.0
433,2021-10-29 12:16:00,20.4501,20.4501,20.4501,20.4501,500.0
434,2021-10-29 12:06:00,20.441,20.441,20.441,20.441,150.0
435,2021-10-29 11:17:00,20.475,20.475,20.475,20.475,100.0
436,2021-10-29 11:05:00,20.47,20.47,20.43,20.43,3000.0
437,2021-10-29 11:04:00,20.5,20.5,20.5,20.5,120.0
438,2021-10-29 11:03:00,20.485,20.485,20.485,20.485,102.0
439,2021-10-29 10:58:00,20.48,20.48,20.48,20.48,150.0
440,2021-10-29 10:54:00,20.4501,20.4501,20.4501,20.4501,100.0
441,2021-10-29 10:50:00,20.475,20.475,20.475,20.475,1501.0
442,2021-10-29 10:43:00,20.465,20.465,20.465,20.465,100.0
443,2021-10-29 10:42:00,20.4591,20.4591,20.4591,20.4591,901.0
444,2021-10-29 10:36:00,20.4401,20.455,20.4401,20.455,3604.0
445,2021-10-29 10:35:00,20.46,20.46,20.46,20.46,102.0
446,2021-10-29 10:29:00,20.445,20.445,20.445,20.445,340.0
447,2021-10-29 10:22:00,20.44,20.44,20.44,20.44,122.0
448,2021-10-29 10:21:00,20.445,20.445,20.445,20.445,100.0
449,2021-10-29 10:18:00,20.4415,20.4415,20.4415,20.4415,130.0
450,2021-10-29 10:15:00,20.45,20.45,20.45,20.45,1000.0
451,2021-10-29 10:01:00,20.5,20.5,20.5,20.5,500.0
452,2021-10-29 10:00:00,20.4488,20.4488,20.4488,20.4488,150.0
453,2021-10-29 09:53:00,20.46,20.46,20.45,20.45,470.0
454,2021-10-29 09:51:00,20.46,20.46,20.46,20.46,135.0
455,2021-10-29 09:49:00,20.515,20.515,20.515,20.515,100.0
456,2021-10-29 09:44:00,20.48,20.48,20.48,20.48,150.0
457,2021-10-29 09:43:00,20.48,20.48,20.48,20.48,260.0
458,2021-10-29 09:31:00,20.54,20.54,20.43,20.43,3682.0
459,2021-10-28 15:56:00,20.44,20.45,20.44,20.45,1309.0
460,2021-10-28 15:55:00,20.46,20.46,20.46,20.46,190.0
461,2021-10-28 15:53:00,20.45,20.45,20.44,20.45,906.0
462,2021-10-28 15:50:00,20.45,20.45,20.45,20.45,400.0
463,2021-10-28 15:49:00,20.45,20.45,20.4499,20.45,461.0
464,2021-10-28 15:48:00,20.445,20.445,20.44,20.44,2004.0
465,2021-10-28 15:47:00,20.445,20.445,20.445,20.445,150.0
466,2021-10-28 15:45:00,20.445,20.445,20.445,20.445,284.0
467,2021-10-28 15:44:00,20.4449,20.4449,20.4449,20.4449,544.0
468,2021-10-28 15:43:00,20.459,20.459,20.45,20.45,1200.0
469,2021-10-28 15:41:00,20.45,20.455,20.45,20.455,4500.0
470,2021-10-28 15:38:00,20.45,20.45,20.45,20.45,460.0
471,2021-10-28 15:37:00,20.45,20.45,20.45,20.45,490.0
472,2021-10-28 15:36:00,20.45,20.45,20.4458,20.45,856.0
473,2021-10-28 15:35:00,20.45,20.45,20.45,20.45,10819.0
474,2021-10-28 15:34:00,20.45,20.45,20.45,20.45,100.0
475,2021-10-28 15:33:00,20.45,20.46,20.45,20.46,525.0
476,2021-10-28 15:32:00,20.43,20.43,20.43,20.43,215.0
477,2021-10-28 15:28:00,20.43,20.43,20.43,20.43,323.0
478,2021-10-28 15:23:00,20.43,20.44,20.43,20.44,579.0
479,2021-10-28 15:22:00,20.43,20.44,20.43,20.44,219.0
480,2021-10-28 15:19:00,20.43,20.43,20.43,20.43,250.0
481,2021-10-28 15:17:00,20.43,20.43,20.43,20.43,200.0
482,2021-10-28 15:16:00,20.4301,20.4301,20.4301,20.4301,400.0
483,2021-10-28 15:07:00,20.435,20.435,20.435,20.435,174.0
484,2021-10-28 15:06:00,20.43,20.43,20.43,20.43,172.0
485,2021-10-28 15:04:00,20.43,20.43,20.43,20.43,500.0
486,2021-10-28 15:03:00,20.435,20.4399,20.4325,20.4325,606.0
487,2021-10-28 14:59:00,20.43,20.436,20.43,20.436,813.0
488,2021-10-28 14:58:00,20.43,20.43,20.43,20.43,244.0
489,2021-10-28 14:56:00,20.4327,20.4327,20.4327,20.4327,196.0
490,2021-10-28 14:50:00,20.43,20.43,20.43,20.43,473.0
491,2021-10-28 14:49:00,20.43,20.43,20.43,20.43,100.0
492,2021-10-28 14:47:00,20.435,20.435,20.435,20.435,420.0
493,2021-10-28 14:46:00,20.43,20.43,20.43,20.43,11242.0
494,2021-10-28 14:44:00,20.438,20.44,20.438,20.44,2300.0
495,2021-10-28 14:43:00,20.435,20.435,20.435,20.435,245.0
496,2021-10-28 14:42:00,20.44,20.44,20.43,20.44,3281.0
497,2021-10-28 14:41:00,20.44,20.44,20.44,20.44,300.0
498,2021-10-28 14:30:00,20.4493,20.4493,20.4493,20.4493,100.0
499,2021-10-28 14:27:00,20.45,20.45,20.45,20.45,100.0
500,2021-10-28 14:26:00,20.44,20.45,20.44,20.45,284.0
501,2021-10-28 14:22:00,20.45,20.45,20.45,20.45,125.0
502,2021-10-28 14:21:00,20.45,20.45,20.45,20.45,166.0
503,2021-10-28 14:15:00,20.4401,20.4421,20.4401,20.4421,1392.0
504,2021-10-28 14:14:00,20.44,20.44,20.44,20.44,440.0
505,2021-10-28 14:13:00,20.4421,20.4421,20.4421,20.4421,112.0
506,2021-10-28 14:11:00,20.445,20.445,20.445,20.445,160.0
507,2021-10-28 14:10:00,20.44,20.445,20.44,20.445,1425.0
508,2021-10-28 14:09:00,20.44,20.44,20.44,20.44,150.0
509,2021-10-28 14:06:00,20.44,20.44,20.44,20.44,125.0
510,2021-10-28 13:58:00,20.435,20.435,20.435,20.435,518.0
511,2021-10-28 13:55:00,20.43,20.43,20.43,20.43,200.0
512,2021-10-28 13:52:00,20.43,20.43,20.43,20.43,100.0
513,2021-10-28 13:51:00,20.43,20.43,20.43,20.43,220.0
514,2021-10-28 13:49:00,20.43,20.43,20.43,20.43,195.0
515,2021-10-28 13:47:00,20.43,20.43,20.43,20.43,110.0
516,2021-10-28 13:28:00,20.438,20.438,20.438,20.438,100.0
517,2021-10-28 13:27:00,20.426,20.426,20.426,20.426,150.0
518,2021-10-28 13:24:00,20.4257,20.4257,20.4257,20.4257,100.0
519,2021-10-28 13:23:00,20.43,20.43,20.43,20.43,1500.0
520,2021-10-28 13:19:00,20.4257,20.43,20.4257,20.43,591.0
521,2021-10-28 13:18:00,20.43,20.438,20.43,20.43,614.0
522,2021-10-28 13:17:00,20.42,20.42,20.42,20.42,230.0
523,2021-10-28 13:15:00,20.43,20.43,20.43,20.43,372.0
524,2021-10-28 13:11:00,20.43,20.43,20.43,20.43,300.0
525,2021-10-28 13:10:00,20.44,20.44,20.44,20.44,500.0
526,2021-10-28 13:04:00,20.435,20.435,20.435,20.435,580.0
527,2021-10-28 12:58:00,20.435,20.435,20.43,20.43,444.0
528,2021-10-28 12:49:00,20.435,20.435,20.435,20.435,493.0
529,2021-10-28 12:40:00,20.44,20.44,20.44,20.44,254.0
530,2021-10-28 12:28:00,20.45,20.45,20.45,20.45,49725.0
531,2021-10-28 12:18:00,20.43,20.43,20.43,20.43,102.0
532,2021-10-28 12:17:00,20.43,20.43,20.4234,20.4234,500.0
533,2021-10-28 12:15:00,20.43,20.43,20.4254,20.4254,600.0
534,2021-10-28 12:13:00,20.44,20.44,20.44,20.44,415.0
535,2021-10-28 12:05:00,20.41,20.41,20.41,20.41,546.0
536,2021-10-28 12:04:00,20.4101,20.425,20.4101,20.425,1236.0
537,2021-10-28 12:03:00,20.42,20.42,20.4101,20.4101,694.0
538,2021-10-28 12:02:00,20.44,20.44,20.42,20.44,1700.0
539,2021-10-28 12:00:00,20.42,20.42,20.42,20.42,100.0
540,2021-10-28 11:58:00,20.42,20.435,20.42,20.435,810.0
541,2021-10-28 11:54:00,20.449,20.449,20.449,20.449,140.0
542,2021-10-28 11:53:00,20.445,20.445,20.44,20.445,1400.0
543,2021-10-28 11:52:00,20.445,20.449,20.43,20.445,1369.0
544,2021-10-28 11:50:00,20.4499,20.4499,20.4499,20.4499,300.0
545,2021-10-28 11:48:00,20.445,20.459,20.43,20.445,596.0
546,2021-10-28 11:47:00,20.43,20.43,20.43,20.43,700.0
547,2021-10-28 11:46:00,20.425,20.44,20.425,20.44,260.0
548,2021-10-28 11:45:00,20.4071,20.425,20.4071,20.425,450.0
549,2021-10-28 11:44:00,20.425,20.44,20.425,20.44,452.0
550,2021-10-28 11:43:00,20.425,20.425,20.425,20.425,100.0
551,2021-10-28 11:42:00,20.42,20.51,20.42,20.45,39784.0
552,2021-10-28 11:40:00,20.42,20.42,20.42,20.42,385.0
553,2021-10-28 11:39:00,20.439,20.4399,20.42,20.4399,3730.0
554,2021-10-28 11:38:00,20.415,20.415,20.415,20.415,663.0
555,2021-10-28 11:37:00,20.42,20.42,20.4,20.4061,11004.0
556,2021-10-28 11:36:00,20.41,20.41,20.41,20.41,185.0
557,2021-10-28 11:35:00,20.41,20.42,20.41,20.42,1482.0
558,2021-10-28 11:33:00,20.41,20.41,20.41,20.41,100.0
559,2021-10-28 11:32:00,20.42,20.42,20.42,20.42,200.0
560,2021-10-28 11:31:00,20.415,20.415,20.415,20.415,1526.0
561,2021-10-28 11:30:00,20.415,20.415,20.415,20.415,338.0
562,2021-10-28 11:29:00,20.42,20.42,20.42,20.42,258.0
563,2021-10-28 11:28:00,20.41,20.43,20.41,20.43,790.0
564,2021-10-28 11:26:00,20.42,20.42,20.42,20.42,200.0
565,2021-10-28 11:23:00,20.42,20.42,20.42,20.42,1000.0
566,2021-10-28 11:22:00,20.42,20.42,20.42,20.42,288.0
567,2021-10-28 11:19:00,20.42,20.43,20.4153,20.43,4970.0
568,2021-10-28 11:18:00,20.4399,20.4399,20.42,20.42,4100.0
569,2021-10-28 11:17:00,20.42,20.42,20.42,20.42,300.0
570,2021-10-28 11:15:00,20.4001,20.4001,20.4001,20.4001,295.0
571,2021-10-28 11:14:00,20.429,20.429,20.429,20.429,150.0
572,2021-10-28 11:12:00,20.42,20.43,20.42,20.43,16240.0
573,2021-10-28 11:11:00,20.42,20.4305,20.42,20.4305,200.0
574,2021-10-28 11:10:00,20.439,20.439,20.439,20.439,611.0
575,2021-10-28 11:09:00,20.4025,20.44,20.4025,20.44,4440.0
576,2021-10-28 11:08:00,20.405,20.41,20.405,20.405,2556.0
577,2021-10-28 11:07:00,20.405,20.405,20.405,20.405,1727.0
578,2021-10-28 11:05:00,20.41,20.41,20.405,20.405,907.0
579,2021-10-28 11:04:00,20.4187,20.4187,20.41,20.41,17670.0
580,2021-10-28 11:03:00,20.4201,20.4201,20.42,20.4201,1997.0
581,2021-10-28 11:02:00,20.42,20.43,20.42,20.43,3020.0
582,2021-10-28 11:01:00,20.4249,20.4249,20.4249,20.4249,100.0
583,2021-10-28 11:00:00,20.435,20.435,20.42,20.43,1735.0
584,2021-10-28 10:59:00,20.4399,20.4399,20.4233,20.4233,664.0
585,2021-10-28 10:58:00,20.4399,20.4399,20.4399,20.4399,212.0
586,2021-10-28 10:57:00,20.43,20.43,20.43,20.43,120.0
587,2021-10-28 10:56:00,20.43,20.43,20.43,20.43,106.0
588,2021-10-28 10:55:00,20.42,20.43,20.42,20.4254,1500.0
589,2021-10-28 10:52:00,20.43,20.44,20.4175,20.44,1366.0
590,2021-10-28 10:51:00,20.43,20.43,20.419,20.43,614.0
591,2021-10-28 10:50:00,20.42,20.44,20.4,20.42,1302.0
592,2021-10-28 10:49:00,20.425,20.435,20.425,20.43,9941.0
593,2021-10-28 10:48:00,20.429,20.44,20.42,20.4299,3254.0
594,2021-10-28 10:47:00,20.4265,20.43,20.4001,20.4001,9427.0
595,2021-10-28 10:46:00,20.415,20.43,20.415,20.43,1706.0
596,2021-10-28 10:45:00,20.42,20.42,20.4127,20.419,1140.0
597,2021-10-28 10:44:00,20.419,20.43,20.415,20.43,4957.0
598,2021-10-28 10:43:00,20.419,20.42,20.4057,20.419,1683.0
599,2021-10-28 10:42:00,20.418,20.42,20.4,20.42,799.0
600,2021-10-28 10:41:00,20.43,20.43,20.41,20.41,4164.0
601,2021-10-28 10:40:00,20.4101,20.4101,20.4101,20.4101,275.0
602,2021-10-28 10:39:00,20.42,20.42,20.41,20.42,3796.0
603,2021-10-28 10:38:00,20.42,20.42,20.41,20.415,1066.0
604,2021-10-28 10:37:00,20.415,20.43,20.409,20.4115,4641.0
605,2021-10-28 10:36:00,20.41,20.43,20.41,20.415,3427.0
606,2021-10-28 10:35:00,20.44,20.44,20.4097,20.42,3063.0
607,2021-10-28 10:34:00,20.42,20.44,20.4001,20.43,3184.0
608,2021-10-28 10:33:00,20.44,20.44,20.42,20.42,1066.0
609,2021-10-28 10:32:00,20.449,20.45,20.4097,20.4097,7851.0
610,2021-10-28 10:31:00,20.44,20.45,20.4001,20.45,11935.0
611,2021-10-28 10:30:00,20.439,20.44,20.4,20.4399,11569.0
612,2021-10-28 10:29:00,20.4,20.44,20.3701,20.4241,36120.0
613,2021-10-28 10:28:00,20.4,20.41,20.38,20.41,8415.0
614,2021-10-28 10:25:00,20.4,20.4,20.4,20.4,102.0
615,2021-10-28 10:17:00,20.39,20.39,20.39,20.39,200.0
616,2021-10-28 10:11:00,20.37,20.37,20.3617,20.3617,251.0
617,2021-10-28 10:10:00,20.369,20.369,20.369,20.369,100.0
618,2021-10-28 10:08:00,20.37,20.37,20.365,20.365,1050.0
619,2021-10-28 10:07:00,20.37,20.37,20.37,20.37,5000.0
620,2021-10-28 10:05:00,20.3501,20.3501,20.3501,20.3501,446.0
621,2021-10-28 10:04:00,20.37,20.37,20.37,20.37,200.0
622,2021-10-28 10:03:00,20.36,20.36,20.36,20.36,210.0
623,2021-10-28 10:02:00,20.3501,20.39,20.3501,20.39,408.0
624,2021-10-28 09:59:00,20.3899,20.3899,20.3899,20.3899,160.0
625,2021-10-28 09:53:00,20.36,20.4188,20.36,20.4188,238.0
626,2021-10-28 09:50:00,20.36,20.37,20.335,20.359,1205.0
627,2021-10-28 09:49:00,20.335,20.36,20.3071,20.3071,1089.0
628,2021-10-28 09:48:00,20.37,20.37,20.369,20.369,665.0
629,2021-10-28 09:47:00,20.3699,20.3699,20.335,20.3465,1736.0
630,2021-10-28 09:46:00,20.3197,20.3197,20.3197,20.3197,310.0
631,2021-10-28 09:43:00,20.31,20.34,20.31,20.31,880.0
632,2021-10-28 09:41:00,20.3127,20.3127,20.3127,20.3127,377.0
633,2021-10-28 09:39:00,20.35,20.35,20.35,20.35,105.0
634,2021-10-28 09:36:00,20.35,20.35,20.35,20.35,227.0
635,2021-10-28 09:35:00,20.33,20.33,20.33,20.33,360.0
636,2021-10-28 09:33:00,20.355,20.46,20.355,20.46,257.0
637,2021-10-28 09:31:00,20.49,20.49,20.35,20.35,3766.0
638,2021-10-28 09:29:00,20.41,20.41,20.4,20.4,307.0
639,2021-10-27 16:00:00,20.536,20.536,20.536,20.536,142.0
640,2021-10-27 15:55:00,20.549,20.549,20.549,20.549,234.0
641,2021-10-27 15:50:00,20.55,20.56,20.55,20.56,729.0
642,2021-10-27 15:48:00,20.56,20.56,20.56,20.56,140.0
643,2021-10-27 15:47:00,20.56,20.56,20.56,20.56,500.0
644,2021-10-27 15:44:00,20.5799,20.5799,20.5799,20.5799,100.0
645,2021-10-27 15:38:00,20.55,20.55,20.55,20.55,150.0
646,2021-10-27 15:32:00,20.5689,20.5689,20.5689,20.5689,100.0
647,2021-10-27 15:22:00,20.57,20.57,20.57,20.57,7300.0
648,2021-10-27 15:17:00,20.58,20.585,20.58,20.585,2691.0
649,2021-10-27 15:13:00,20.59,20.59,20.59,20.59,200.0
650,2021-10-27 15:07:00,20.6199,20.6199,20.6199,20.6199,103.0
651,2021-10-27 15:02:00,20.6299,20.6299,20.6299,20.6299,100.0
652,2021-10-27 15:01:00,20.605,20.63,20.605,20.63,200.0
653,2021-10-27 15:00:00,20.625,20.625,20.625,20.625,100.0
654,2021-10-27 14:59:00,20.63,20.63,20.63,20.63,166.0
655,2021-10-27 14:58:00,20.639,20.639,20.639,20.639,1546.0
656,2021-10-27 14:56:00,20.63,20.635,20.63,20.635,1300.0
657,2021-10-27 14:54:00,20.63,20.63,20.63,20.63,206.0
658,2021-10-27 14:42:00,20.64,20.64,20.64,20.64,107.0
659,2021-10-27 14:38:00,20.64,20.64,20.64,20.64,400.0
660,2021-10-27 14:34:00,20.635,20.635,20.635,20.635,104.0
661,2021-10-27 14:28:00,20.636,20.636,20.636,20.636,200.0
662,2021-10-27 14:20:00,20.64,20.64,20.64,20.64,250.0
663,2021-10-27 14:16:00,20.64,20.64,20.64,20.64,100.0
664,2021-10-27 14:14:00,20.64,20.64,20.64,20.64,200.0
665,2021-10-27 14:10:00,20.64,20.64,20.64,20.64,200.0
666,2021-10-27 13:26:00,20.64,20.64,20.64,20.64,339.0
667,2021-10-27 13:04:00,20.6391,20.6392,20.6391,20.6392,925.0
668,2021-10-27 13:01:00,20.63,20.63,20.63,20.63,100.0
669,2021-10-27 12:57:00,20.56,20.56,20.56,20.56,143.0
670,2021-10-27 12:56:00,20.56,20.56,20.56,20.56,550.0
671,2021-10-27 12:49:00,20.6,20.6,20.6,20.6,43058.0
672,2021-10-27 12:44:00,20.63,20.63,20.63,20.63,120.0
673,2021-10-27 12:30:00,20.59,20.59,20.59,20.59,32097.0
674,2021-10-27 12:19:00,20.62,20.62,20.62,20.62,5313.0
675,2021-10-27 12:07:00,20.572,20.572,20.572,20.572,257.0
676,2021-10-27 12:01:00,20.59,20.59,20.59,20.59,346.0
677,2021-10-27 11:57:00,20.59,20.59,20.59,20.59,200.0
678,2021-10-27 11:46:00,20.59,20.59,20.59,20.59,200.0
679,2021-10-27 11:43:00,20.6,20.6,20.6,20.6,244.0
680,2021-10-27 11:29:00,20.565,20.565,20.565,20.565,150.0
681,2021-10-27 11:28:00,20.6,20.6,20.6,20.6,200.0
682,2021-10-27 11:27:00,20.609,20.609,20.609,20.609,250.0
683,2021-10-27 11:25:00,20.6,20.6,20.6,20.6,2426.0
684,2021-10-27 11:18:00,20.565,20.565,20.565,20.565,367.0
685,2021-10-27 11:10:00,20.6099,20.6099,20.6099,20.6099,100.0
686,2021-10-27 10:54:00,20.6,20.6,20.6,20.6,2680.0
687,2021-10-27 10:44:00,20.61,20.61,20.61,20.61,582.0
688,2021-10-27 10:43:00,20.61,20.61,20.61,20.61,518.0
689,2021-10-27 10:42:00,20.6185,20.6185,20.6001,20.6001,1844.0
690,2021-10-27 10:40:00,20.63,20.63,20.63,20.63,229.0
691,2021-10-27 10:38:00,20.62,20.62,20.62,20.62,104.0
692,2021-10-27 10:37:00,20.63,20.63,20.63,20.63,122.0
693,2021-10-27 10:31:00,20.64,20.64,20.64,20.64,387.0
694,2021-10-27 10:30:00,20.63,20.63,20.63,20.63,305.0
695,2021-10-27 10:29:00,20.65,20.65,20.62,20.62,220.0
696,2021-10-27 10:28:00,20.62,20.635,20.62,20.62,565.0
697,2021-10-27 10:21:00,20.65,20.65,20.65,20.65,100.0
698,2021-10-27 10:16:00,20.65,20.65,20.65,20.65,358.0
699,2021-10-27 10:12:00,20.66,20.66,20.66,20.66,100.0
700,2021-10-27 10:10:00,20.631,20.631,20.631,20.631,120.0
701,2021-10-27 10:08:00,20.62,20.62,20.62,20.62,357.0
702,2021-10-27 10:07:00,20.62,20.62,20.62,20.62,292.0
703,2021-10-27 10:03:00,20.62,20.62,20.62,20.62,800.0
704,2021-10-27 10:02:00,20.67,20.67,20.67,20.67,500.0
705,2021-10-27 09:49:00,20.6,20.6,20.6,20.6,686.0
706,2021-10-27 09:46:00,20.605,20.61,20.6,20.6,1700.0
707,2021-10-27 09:45:00,20.6,20.675,20.6,20.67,1160.0
708,2021-10-27 09:44:00,20.63,20.63,20.63,20.63,125.0
709,2021-10-27 09:42:00,20.665,20.67,20.665,20.67,325.0
710,2021-10-27 09:38:00,20.68,20.68,20.61,20.68,2800.0
711,2021-10-27 09:35:00,20.76,20.76,20.76,20.76,253.0
712,2021-10-27 09:34:00,20.78,20.78,20.78,20.78,514.0
713,2021-10-27 09:32:00,20.5,20.5,20.5,20.5,500.0
714,2021-10-27 09:31:00,20.6,20.6,20.25,20.555,3875.0
715,2021-10-26 15:52:00,20.79,20.79,20.7892,20.7892,215.0
716,2021-10-26 15:34:00,20.78,20.78,20.78,20.78,121.0
717,2021-10-26 15:06:00,20.81,20.81,20.81,20.81,114.0
718,2021-10-26 14:04:00,20.8099,20.8099,20.8099,20.8099,7378.0
719,2021-10-26 13:34:00,20.8,20.8,20.8,20.8,496.0
720,2021-10-26 13:04:00,20.779,20.779,20.76,20.76,200.0
721,2021-10-26 12:53:00,20.765,20.765,20.765,20.765,216.0
722,2021-10-26 11:47:00,20.795,20.795,20.795,20.795,1240.0
723,2021-10-26 11:34:00,20.787,20.787,20.787,20.787,218.0
724,2021-10-26 11:24:00,20.848,20.848,20.848,20.848,213.0
725,2021-10-26 11:23:00,20.85,20.85,20.85,20.85,107.0
726,2021-10-26 11:22:00,20.84,20.84,20.84,20.84,120.0
727,2021-10-26 10:56:00,20.825,20.825,20.825,20.825,291.0
728,2021-10-26 10:54:00,20.825,20.825,20.825,20.825,250.0
729,2021-10-26 09:51:00,20.81,20.81,20.81,20.81,100.0
730,2021-10-26 09:45:00,20.81,20.81,20.81,20.81,100.0
731,2021-10-26 09:31:00,20.7,20.7,20.7,20.7,202.0
732,2021-10-25 15:43:00,20.7,20.7,20.685,20.685,400.0
733,2021-10-25 15:33:00,20.67,20.67,20.67,20.67,1000.0
734,2021-10-25 15:14:00,20.7,20.7,20.7,20.7,200.0
735,2021-10-25 13:58:00,20.68,20.68,20.6795,20.6795,200.0
736,2021-10-25 13:57:00,20.67,20.67,20.67,20.67,700.0
737,2021-10-25 13:53:00,20.67,20.67,20.67,20.67,200.0
738,2021-10-25 13:35:00,20.68,20.68,20.68,20.68,300.0
739,2021-10-25 13:26:00,20.685,20.71,20.685,20.71,708.0
740,2021-10-25 13:22:00,20.7,20.8,20.68,20.8,22493.0
741,2021-10-25 13:04:00,20.68,20.68,20.67,20.67,812.0
742,2021-10-25 13:02:00,20.695,20.695,20.695,20.695,102.0
743,2021-10-25 12:55:00,20.68,20.68,20.68,20.68,275.0
744,2021-10-25 12:48:00,20.6601,20.6601,20.6601,20.6601,125.0
745,2021-10-25 12:33:00,20.685,20.685,20.685,20.685,117.0
746,2021-10-25 12:11:00,20.7,20.7,20.7,20.7,200.0
747,2021-10-25 12:09:00,20.695,20.695,20.695,20.695,200.0
748,2021-10-25 12:00:00,20.705,20.74,20.705,20.7165,2057.0
749,2021-10-25 11:40:00,20.73,20.73,20.73,20.73,2800.0
750,2021-10-25 11:37:00,20.71,20.72,20.71,20.72,10801.0
751,2021-10-25 11:26:00,20.71,20.71,20.71,20.71,244.0
752,2021-10-25 11:21:00,20.7,20.7,20.7,20.7,500.0
753,2021-10-25 11:00:00,20.6721,20.6721,20.6721,20.6721,100.0
754,2021-10-25 10:51:00,20.71,20.71,20.71,20.71,193.0
755,2021-10-25 10:45:00,20.6601,20.6601,20.6601,20.6601,125.0
756,2021-10-25 10:41:00,20.71,20.719,20.71,20.719,385.0
757,2021-10-25 10:29:00,20.75,20.75,20.75,20.75,100.0
758,2021-10-25 10:24:00,20.7,20.7,20.7,20.7,100.0
759,2021-10-25 10:18:00,20.76,20.76,20.76,20.76,250.0
760,2021-10-25 10:12:00,20.715,20.715,20.715,20.715,200.0
761,2021-10-25 10:01:00,20.76,20.76,20.76,20.76,175.0
762,2021-10-25 09:59:00,20.63,20.63,20.63,20.63,530.0
763,2021-10-25 09:48:00,20.84,20.84,20.84,20.84,100.0
764,2021-10-25 09:43:00,20.6152,20.725,20.6152,20.725,445.0
765,2021-10-25 09:35:00,20.67,20.67,20.67,20.67,145.0
766,2021-10-25 09:32:00,20.86,20.86,20.86,20.86,100.0
767,2021-10-25 09:31:00,20.67,20.67,20.67,20.67,616.0
768,2021-10-22 16:00:00,20.704,20.704,20.704,20.704,184.0
769,2021-10-22 15:47:00,20.715,20.715,20.715,20.715,100.0
770,2021-10-22 15:23:00,20.705,20.75,20.705,20.705,500.0
771,2021-10-22 15:19:00,20.7499,20.75,20.7499,20.75,400.0
772,2021-10-22 15:13:00,20.75,20.75,20.75,20.75,210.0
773,2021-10-22 14:10:00,20.705,20.705,20.705,20.705,250.0
774,2021-10-22 13:43:00,20.71,20.71,20.71,20.71,100.0
775,2021-10-22 13:41:00,20.7599,20.7599,20.7599,20.7599,200.0
776,2021-10-22 12:39:00,20.73,20.73,20.73,20.73,169.0
777,2021-10-22 12:38:00,20.73,20.73,20.73,20.73,124.0
778,2021-10-22 12:05:00,20.69,20.69,20.69,20.69,100.0
779,2021-10-22 11:53:00,20.661,20.661,20.661,20.661,500.0
780,2021-10-22 11:46:00,20.67,20.67,20.67,20.67,1253.0
781,2021-10-22 11:43:00,20.661,20.661,20.661,20.661,250.0
782,2021-10-22 11:36:00,20.7,20.7,20.7,20.7,300.0
783,2021-10-22 11:17:00,20.795,20.795,20.795,20.795,120.0
784,2021-10-22 10:46:00,20.8286,20.8286,20.8286,20.8286,191.0
785,2021-10-22 10:45:00,20.879,20.879,20.879,20.879,383.0
786,2021-10-22 10:36:00,20.87,20.87,20.87,20.87,200.0
787,2021-10-22 10:21:00,20.781,20.781,20.781,20.781,1000.0
788,2021-10-22 10:08:00,20.87,20.87,20.87,20.87,155.0
789,2021-10-22 09:53:00,20.87,20.87,20.87,20.87,287.0
790,2021-10-22 09:51:00,20.8899,20.8899,20.8899,20.8899,110.0
791,2021-10-22 09:40:00,20.89,20.89,20.89,20.89,121.0
792,2021-10-22 09:31:00,20.73,20.73,20.73,20.73,386.0
793,2021-10-21 15:59:00,20.8581,20.8581,20.8581,20.8581,200.0
794,2021-10-21 15:51:00,20.8501,20.8501,20.8501,20.8501,270.0
795,2021-10-21 15:45:00,20.8645,20.88,20.8645,20.88,319.0
796,2021-10-21 14:56:00,20.8905,20.8905,20.8905,20.8905,425.0
797,2021-10-21 14:53:00,20.88,20.88,20.88,20.88,800.0
798,2021-10-21 14:27:00,20.87,20.87,20.87,20.87,200.0
799,2021-10-21 14:14:00,20.8589,20.8589,20.8589,20.8589,100.0
800,2021-10-21 13:33:00,20.869,20.869,20.869,20.869,119.0
801,2021-10-21 13:31:00,20.8699,20.87,20.8497,20.8497,3800.0
802,2021-10-21 13:19:00,20.8386,20.8386,20.8386,20.8386,100.0
803,2021-10-21 13:13:00,20.869,20.869,20.869,20.869,191.0
804,2021-10-21 13:12:00,20.8699,20.8699,20.8699,20.8699,191.0
805,2021-10-21 12:59:00,20.8699,20.8699,20.8699,20.8699,100.0
806,2021-10-21 12:39:00,20.83,20.83,20.83,20.83,25711.0
807,2021-10-21 12:33:00,20.86,20.86,20.86,20.86,160.0
808,2021-10-21 12:19:00,20.825,20.825,20.825,20.825,240.0
809,2021-10-21 12:17:00,20.825,20.825,20.825,20.825,384.0
810,2021-10-21 12:14:00,20.825,20.825,20.825,20.825,190.0
811,2021-10-21 12:12:00,20.825,20.825,20.825,20.825,770.0
812,2021-10-21 11:58:00,20.77,20.77,20.77,20.77,200.0
813,2021-10-21 11:55:00,20.805,20.805,20.805,20.805,1200.0
814,2021-10-21 11:41:00,20.8,20.8,20.8,20.8,400.0
815,2021-10-21 11:36:00,20.7701,20.7701,20.7701,20.7701,1250.0
816,2021-10-21 11:30:00,20.83,20.83,20.83,20.83,100.0
817,2021-10-21 11:00:00,20.8784,20.8784,20.87,20.87,1350.0
818,2021-10-21 10:59:00,20.8785,20.8785,20.8785,20.8785,120.0
819,2021-10-21 10:57:00,20.88,20.88,20.88,20.88,1200.0
820,2021-10-21 10:55:00,20.8369,20.8369,20.8369,20.8369,804.0
821,2021-10-21 10:53:00,20.88,20.88,20.88,20.88,100.0
822,2021-10-21 10:52:00,20.879,20.879,20.879,20.879,800.0
823,2021-10-21 10:49:00,20.8369,20.8369,20.8369,20.8369,1400.0
824,2021-10-21 10:46:00,20.8547,20.8547,20.8547,20.8547,798.0
825,2021-10-21 10:34:00,20.83,20.84,20.83,20.83,10000.0
826,2021-10-21 10:31:00,20.83,20.83,20.83,20.83,300.0
827,2021-10-21 10:30:00,20.83,20.83,20.83,20.83,481.0
828,2021-10-21 10:27:00,20.7562,20.7562,20.7562,20.7562,100.0
829,2021-10-21 10:18:00,20.83,20.83,20.83,20.83,250.0
830,2021-10-21 10:14:00,20.795,20.795,20.795,20.795,110.0
831,2021-10-21 10:10:00,20.795,20.795,20.795,20.795,235.0
832,2021-10-21 10:02:00,20.83,20.83,20.83,20.83,132.0
833,2021-10-21 10:01:00,20.8,20.8,20.8,20.8,190.0
834,2021-10-21 10:00:00,20.84,20.84,20.84,20.84,153.0
835,2021-10-21 09:58:00,20.85,20.85,20.85,20.85,239.0
836,2021-10-21 09:57:00,20.85,20.85,20.85,20.85,700.0
837,2021-10-21 09:48:00,20.879,20.879,20.879,20.879,120.0
838,2021-10-21 09:46:00,20.86,20.86,20.86,20.86,125.0
839,2021-10-21 09:44:00,20.84,20.879,20.84,20.879,400.0
840,2021-10-21 09:37:00,20.81,20.81,20.81,20.81,250.0
841,2021-10-21 09:31:00,20.8,20.8,20.8,20.8,123.0
